product_id,brand_name,molecule,therapeutic_area,modality,us_approval_year,generic_or_biosimilar_us_entry_year,us_partner
P01,Ocrevus,ocrelizumab,Neuroscience,Antibody,2017,,
P02,Ocrevus Zunovo,ocrelizumab + hyaluronidase,Neuroscience,Antibody,2024,,
P03,Xolair,omalizumab,Immunology,Antibody,2003,,Novartis
P04,Actemra,tocilizumab,Immunology,Antibody,2010,2024,
P05,Rituxan,rituximab,Oncology,Antibody,1997,2019,Biogen
P06,Rituxan Hycela,rituximab + hyaluronidase,Oncology,Antibody,2017,,Biogen
P07,Tecentriq,atezolizumab,Oncology,Antibody,2016,,
P08,Tecentriq Hybreza,atezolizumab + hyaluronidase,Oncology,Antibody,2024,,
P09,Avastin,bevacizumab,Oncology,Antibody,2004,2019,
P10,Herceptin,trastuzumab,Oncology,Antibody,1998,2019,
P11,Herceptin Hylecta,trastuzumab + hyaluronidase,Oncology,Antibody,2019,,
P12,Perjeta,pertuzumab,Oncology,Antibody,2012,,
P13,Phesgo,pertuzumab + trastuzumab + hyaluronidase,Oncology,Antibody,2020,,
P14,Kadcyla,ado-trastuzumab emtansine,Oncology,Antibody-drug conjugate,2013,,
P15,Hemlibra,emicizumab,Haematology,Antibody,2017,,
P16,Vabysmo,faricimab,Ophthalmology,Antibody,2022,,
P17,Lucentis,ranibizumab,Ophthalmology,Antibody,2006,2022,
P18,Esbriet,pirfenidone,Respiratory,Small molecule,2014,2022,
P19,Evrysdi,risdiplam,Neuroscience,Small molecule,2020,,
P20,Enspryng,satralizumab,Neuroscience,Antibody,2020,,
P21,Alecensa,alectinib,Oncology,Small molecule,2015,,
P22,Gazyva,obinutuzumab,Oncology,Antibody,2013,,
P23,Polivy,polatuzumab vedotin,Oncology,Antibody-drug conjugate,2019,,
P24,Columvi,glofitamab,Oncology,Bispecific antibody,2023,,
P25,Lunsumio,mosunetuzumab,Oncology,Bispecific antibody,2022,,
P26,Itovebi,inavolisib,Oncology,Small molecule,2024,,
P27,Piasky,crovalimab,Haematology,Antibody,2024,,
P28,Erivedge,vismodegib,Oncology,Small molecule,2012,,
P29,Zelboraf,vemurafenib,Oncology,Small molecule,2011,,
P30,Cotellic,cobimetinib,Oncology,Small molecule,2015,,
P31,Rozlytrek,entrectinib,Oncology,Small molecule,2019,,
P32,Gavreto,pralsetinib,Oncology,Small molecule,2020,,Blueprint Medicines
P33,Xofluza,baloxavir marboxil,Infectious Diseases,Small molecule,2018,,
P34,Tamiflu,oseltamivir,Infectious Diseases,Small molecule,1999,2016,
P35,Pulmozyme,dornase alfa,Respiratory,Enzyme,1993,,
P36,Activase,alteplase,Cardiovascular,Enzyme,1987,,
P37,TNKase,tenecteplase,Cardiovascular,Enzyme,2000,,
P38,CellCept,mycophenolate mofetil,Immunology,Small molecule,1995,2008,
P39,Xeloda,capecitabine,Oncology,Small molecule,1998,2013,
P40,Nutropin AQ,somatropin,Endocrinology,Protein,1995,,
P41,Valcyte,valganciclovir,Infectious Diseases,Small molecule,2001,2014,
P42,Venclexta,venetoclax,Oncology,Small molecule,2016,,AbbVie
P43,Susvimo,ranibizumab implant,Ophthalmology,Device + antibody,2021,,
